48.037,50.456,50.362,42470.000
48.037,50.456,50.362,42470.000
48.037,50.456,50.362,42470.000
48.037,50.456,50.362,42470.000
48.037,50.456,50.362,42470.000
48.037,50.456,50.362,42470.000
48.037,50.456,50.362,41790.000
48.037,50.456,50.362,44660.000
48.037,50.456,50.362,44660.000
48.037,50.456,50.362,44660.000
48.037,50.456,50.362,44660.000
48.037,50.456,50.362,44660.000
48.037,50.456,50.362,44660.000
48.037,50.456,50.362,44660.000
48.037,50.456,50.362,44660.000
48.037,50.456,50.362,44660.000
48.037,50.456,50.362,44660.000
48.037,50.456,50.362,44660.000
48.037,50.456,50.362,44660.000
48.037,50.456,50.362,44660.000
48.037,50.456,50.362,44010.000
48.037,50.456,50.362,44010.000
48.037,50.456,50.362,44010.000
48.037,50.456,50.362,44010.000
48.037,50.456,50.362,44010.000
48.037,50.456,50.362,44010.000
48.037,50.456,50.362,44010.000
48.037,50.456,50.362,44010.000
48.037,50.456,50.362,44010.000
48.037,50.456,50.362,44010.000
48.037,50.456,50.362,44010.000
48.037,50.456,50.362,40920.000
48.037,50.456,50.362,40920.000
48.037,50.456,50.362,40920.000
48.037,50.456,50.362,40920.000
48.037,50.456,50.362,40920.000
48.037,50.456,50.362,40920.000
48.037,50.456,50.362,40920.000
48.037,50.456,50.362,40920.000
48.037,50.456,50.362,40920.000
48.037,50.456,50.362,40920.000
48.037,50.456,50.362,40920.000
48.037,50.456,50.362,40920.000
48.037,50.456,50.362,42320.000
48.037,50.456,50.362,42320.000
48.037,50.456,50.362,42320.000
48.037,50.456,50.362,42320.000
48.037,50.456,50.362,42320.000
48.037,50.456,50.362,42320.000
48.037,50.456,50.362,42320.000
48.037,50.456,50.362,42320.000
48.037,50.456,50.362,42040.000
48.037,50.456,50.362,42040.000
48.037,50.456,50.362,41630.000
48.037,50.456,50.362,41630.000
48.037,50.456,50.362,41630.000
48.037,50.456,50.362,41630.000
48.037,50.456,50.362,41630.000
48.037,50.456,50.362,41630.000
48.037,50.456,50.362,41630.000
48.037,50.456,50.362,41630.000
48.037,50.456,50.362,41630.000
48.037,50.456,50.362,41630.000
48.037,50.456,50.362,41630.000
48.037,50.456,50.362,41630.000
48.037,50.456,50.362,41630.000
48.037,50.456,50.362,41630.000
48.037,50.456,50.362,42540.000
48.037,50.456,50.362,42540.000
48.037,50.456,50.362,42540.000
48.037,50.456,50.362,42540.000
48.037,50.456,50.362,42540.000
48.037,50.456,50.362,42540.000
48.037,50.456,50.362,42540.000
48.037,50.456,50.362,42540.000
48.037,50.456,50.362,42540.000
48.037,50.456,50.362,42540.000
48.037,50.456,50.362,39660.000
48.037,50.456,50.362,39660.000
48.037,50.456,50.362,39660.000
48.037,50.456,50.362,39660.000
48.037,50.456,50.362,39660.000
48.037,50.456,50.362,38280.000
48.037,50.456,50.362,38280.000
48.037,50.456,50.362,38280.000
48.037,50.456,50.362,38280.000
48.037,50.456,50.362,38280.000
48.037,50.456,50.362,38280.000
48.037,50.456,50.362,38280.000
48.037,50.456,50.362,38280.000
48.037,50.456,50.362,38280.000
48.037,50.456,50.362,38280.000
48.037,50.456,50.362,38280.000
48.037,50.456,50.362,38280.000
48.037,50.456,50.362,38280.000
48.037,50.456,50.362,38280.000
48.037,50.456,50.362,39930.000
48.037,50.456,50.362,39930.000
48.037,50.456,50.362,39930.000
48.037,50.456,50.362,39930.000
48.037,50.456,50.362,39930.000
48.037,50.456,50.362,39930.000
48.037,50.456,50.362,39930.000
48.037,50.456,50.362,39930.000
48.037,50.456,50.362,39930.000
48.037,50.456,50.362,39930.000
48.037,50.456,50.362,39840.000
48.037,50.456,50.362,39840.000
48.037,50.456,50.362,39840.000
48.037,50.456,50.362,39840.000
48.037,50.456,50.362,39840.000
48.037,50.456,50.362,39840.000
48.037,50.456,50.362,39840.000
48.037,50.456,50.362,39840.000
48.037,50.456,50.362,41090.000
48.037,50.456,50.362,41090.000
48.037,50.456,50.362,41090.000
48.037,50.456,50.362,41090.000
48.037,50.456,50.362,41090.000
48.037,50.456,50.362,41090.000
48.037,50.456,50.362,41090.000
48.037,50.456,50.362,41090.000
48.037,50.456,50.362,41090.000
48.037,50.456,50.362,41090.000
48.037,50.456,50.362,41090.000
48.037,50.456,50.362,41090.000
48.037,50.456,50.362,42610.000
48.037,50.456,50.362,42610.000
48.037,50.456,50.362,42610.000
48.037,50.456,50.362,42610.000
48.037,50.456,50.362,42610.000
48.037,50.456,50.362,42610.000
48.037,50.456,50.362,42610.000
48.037,50.456,50.362,42530.000
48.037,50.456,50.362,42530.000
48.037,50.456,50.362,42530.000
48.037,50.456,50.362,42530.000
48.037,50.456,50.362,38550.000
48.037,50.456,50.362,38550.000
48.037,50.456,50.362,38550.000
48.037,50.456,50.362,38550.000
48.037,50.456,50.362,38550.000
48.037,50.456,50.362,38550.000
48.037,50.456,50.362,38550.000
48.037,50.456,50.362,38550.000
48.037,50.456,50.362,38550.000
48.037,50.456,50.362,38550.000
48.037,50.456,50.362,38550.000
48.037,50.456,50.362,38550.000
48.037,50.456,50.362,35670.000
48.037,50.456,50.362,35670.000
48.037,50.456,50.362,35670.000
48.037,50.456,50.362,35670.000
48.037,50.456,50.362,35670.000
48.037,50.456,50.362,35670.000
48.037,50.456,50.342,38880.000
48.037,50.456,50.342,37840.000
48.037,50.456,50.342,37840.000
48.037,50.456,50.342,37840.000
48.037,50.456,50.342,37840.000
48.037,50.456,50.342,37840.000
48.037,50.456,50.342,37840.000
48.037,50.456,50.342,37840.000
48.037,50.456,50.342,37840.000
48.037,50.456,50.342,37840.000
48.037,50.456,50.342,37840.000
48.037,50.456,50.342,37840.000
48.037,50.456,50.342,37840.000
48.037,50.456,50.342,37840.000
48.037,50.456,50.322,38610.000
48.037,50.456,50.322,38610.000
48.037,50.456,50.322,38610.000
48.037,50.456,50.322,38610.000
48.037,50.456,50.322,38610.000
48.037,50.456,50.302,38400.000
48.037,50.456,50.302,38400.000
48.037,50.456,50.302,38400.000
48.037,50.456,50.302,38400.000
48.037,50.456,50.302,38400.000
48.037,50.456,50.302,38400.000
48.037,50.456,50.302,38400.000
48.037,50.456,50.302,38400.000
48.037,50.456,50.302,38400.000
48.037,50.456,50.302,38400.000
48.037,50.456,50.302,38400.000
48.037,50.456,50.302,38400.000
48.037,50.456,50.302,38400.000
48.037,50.456,50.302,38400.000
48.037,50.456,50.302,38400.000
48.037,50.456,50.302,33480.000
48.037,50.456,50.302,33480.000
48.037,50.456,50.302,33480.000
48.037,50.456,50.302,33480.000
48.037,50.456,50.302,33480.000
48.037,50.456,50.302,33480.000
48.037,50.456,50.282,33480.000
48.037,50.456,50.282,33480.000
48.037,50.456,50.282,34470.000
48.037,50.456,50.282,34470.000
48.037,50.456,50.282,34470.000
48.037,50.456,50.282,34470.000
48.037,50.456,50.282,32810.000
48.037,50.456,50.282,32810.000
48.037,50.456,50.282,32810.000
48.037,50.456,50.282,32810.000
48.037,50.456,50.282,32810.000
48.037,50.456,50.282,32810.000
48.037,50.456,50.282,32810.000
48.037,50.456,50.282,32810.000
48.037,50.456,50.282,32810.000
48.037,50.456,50.282,32810.000
48.037,50.456,50.282,32810.000
48.037,50.456,50.262,30810.000
48.037,50.456,50.262,30810.000
48.037,50.456,50.262,30810.000
48.037,50.456,50.262,30810.000
48.037,50.456,50.262,30810.000
48.037,50.456,50.262,30810.000
48.037,50.456,50.262,30810.000
48.037,50.456,50.262,30810.000
48.037,50.456,50.262,30810.000
48.037,50.456,50.262,30810.000
48.037,50.456,50.262,30810.000
48.037,50.456,50.262,33060.000
48.037,50.456,50.262,33060.000
48.037,50.456,50.262,33060.000
48.037,50.456,50.262,33060.000
48.037,50.456,50.242,31200.000
48.037,50.456,50.242,31200.000
48.037,50.456,50.242,31200.000
48.037,50.456,50.242,31200.000
48.037,50.456,50.242,31200.000
48.037,50.456,50.242,31200.000
48.037,50.456,50.242,31200.000
48.037,50.456,50.242,31200.000
48.037,50.456,50.242,31200.000
48.037,50.456,50.242,31200.000
48.037,50.456,50.242,31200.000
48.037,50.456,50.242,31200.000
48.037,50.456,50.242,31200.000
48.037,50.456,50.242,31200.000
48.037,50.456,50.242,31200.000
48.037,50.456,50.222,30900.000
48.037,50.456,50.222,30900.000
48.037,50.456,50.222,30900.000
48.037,50.456,50.222,30900.000
48.037,50.456,50.222,30900.000
48.037,50.456,50.222,30900.000
48.037,50.456,50.222,30900.000
48.037,50.456,50.222,30900.000
48.037,50.456,50.222,30900.000
48.037,50.456,50.222,26240.000
48.037,50.456,50.222,26240.000
48.037,50.456,50.222,26240.000
48.037,50.456,50.222,26240.000
48.037,50.456,50.222,26240.000
48.037,50.456,50.222,26240.000
48.037,50.456,50.222,26240.000
48.037,50.456,50.202,24660.000
48.037,50.456,50.202,24660.000
48.037,50.456,50.202,24660.000
48.037,50.456,50.202,24660.000
48.037,50.456,50.202,24660.000
48.037,50.456,50.202,24660.000
48.037,50.456,50.202,24660.000
48.037,50.456,50.202,24660.000
48.037,50.456,50.202,24660.000
48.037,50.456,50.202,24660.000
48.037,50.456,50.202,24660.000
48.037,50.456,50.202,24660.000
48.037,50.456,50.202,24660.000
48.037,50.456,50.202,24660.000
48.037,50.456,50.202,25030.000
48.037,50.456,50.202,25030.000
48.037,50.456,50.182,25030.000
48.037,50.456,50.182,25030.000
48.037,50.456,50.182,25030.000
48.037,50.456,50.182,25030.000
48.037,50.456,50.182,25030.000
48.037,50.456,50.182,25030.000
48.037,50.456,50.182,24110.000
48.037,50.456,50.182,24110.000
48.037,50.456,50.182,24110.000
48.037,50.456,50.182,24110.000
48.037,50.456,50.182,24110.000
48.037,50.456,50.182,21120.000
48.037,50.456,50.182,21120.000
48.037,50.456,50.182,21120.000
48.037,50.456,50.182,21120.000
48.037,50.456,50.182,21120.000
48.037,50.456,50.182,21120.000
48.037,50.456,50.182,21120.000
48.037,50.456,50.182,21120.000
48.037,50.456,50.182,21120.000
48.037,50.456,50.182,21120.000
48.037,50.456,50.182,21120.000
48.037,50.456,50.182,21120.000
48.037,50.456,50.182,21120.000
48.037,50.456,50.182,21120.000
48.037,50.456,50.182,22840.000
48.037,50.456,50.182,22840.000
48.037,50.456,50.182,22840.000
48.037,50.456,50.182,22840.000
48.037,50.456,50.182,22840.000
48.037,50.456,50.182,22840.000
48.037,50.456,50.182,22840.000
48.037,50.456,50.182,22840.000
48.037,50.456,50.182,22840.000
48.037,50.456,50.182,22840.000
48.037,50.456,50.182,22570.000
48.037,50.456,50.182,22570.000
48.037,50.456,50.182,22570.000
48.037,50.456,50.182,22570.000
48.037,50.456,50.182,22570.000
48.037,50.456,50.182,22570.000
48.037,50.456,50.182,21660.000
48.037,50.456,50.182,21660.000
48.037,50.456,50.182,21660.000
48.037,50.456,50.182,21660.000
48.037,50.456,50.182,21660.000
48.037,50.456,50.182,21660.000
48.037,50.456,50.182,21660.000
48.037,50.456,50.182,21660.000
48.037,50.456,50.182,21660.000
48.037,50.456,50.182,21660.000
48.037,50.456,50.182,21660.000
48.037,50.456,50.182,21660.000
48.037,50.456,50.182,21660.000
48.037,50.456,50.182,21660.000
48.037,50.456,50.182,21660.000
48.037,50.456,50.182,23140.000
48.037,50.456,50.182,23140.000
48.037,50.456,50.182,23140.000
48.037,50.456,50.182,23140.000
48.037,50.456,50.182,23140.000
48.037,50.456,50.182,23140.000
48.037,50.456,50.182,23140.000
48.037,50.456,50.182,23140.000
48.037,50.456,50.182,23140.000
48.037,50.456,50.182,23140.000
48.037,50.456,50.182,23140.000
48.037,50.456,50.202,23480.000
48.037,50.456,50.202,23480.000
48.037,50.456,50.202,23480.000
48.037,50.456,50.202,20520.000
48.037,50.456,50.202,20520.000
48.037,50.456,50.202,20520.000
48.037,50.456,50.202,20520.000
48.037,50.456,50.202,20520.000
48.037,50.456,50.202,20520.000
48.037,50.456,50.202,20520.000
48.037,50.456,50.202,20520.000
48.037,50.456,50.202,20520.000
48.037,50.456,50.202,20520.000
48.037,50.456,50.202,20520.000
48.037,50.456,50.202,20520.000
48.037,50.456,50.202,20520.000
48.037,50.456,50.202,20520.000
48.037,50.456,50.202,20520.000
48.037,50.456,50.202,20520.000
48.037,50.456,50.202,20520.000
48.037,50.456,50.202,20520.000
48.037,50.456,50.202,20520.000
48.037,50.456,50.202,20520.000
48.037,50.456,50.202,20520.000
48.037,50.456,50.202,20520.000
48.037,50.456,50.222,20520.000
48.037,50.456,50.222,25930.000
48.037,50.456,50.222,25930.000
48.037,50.456,50.222,25930.000
48.037,50.456,50.222,25930.000
48.037,50.456,50.222,25930.000
48.037,50.456,50.222,25930.000
48.037,50.456,50.222,25930.000
48.037,50.456,50.222,25930.000
48.037,50.456,50.242,27250.000
48.037,50.456,50.242,27250.000
48.037,50.456,50.242,28190.000
48.037,50.456,50.242,28190.000
48.037,50.456,50.242,28190.000
48.037,50.456,50.242,28190.000
48.037,50.456,50.242,28190.000
48.037,50.456,50.242,28190.000
48.037,50.456,50.242,28190.000
48.037,50.456,50.242,28190.000
48.037,50.456,50.242,28190.000
48.037,50.456,50.242,28190.000
48.037,50.456,50.242,28190.000
48.037,50.456,50.242,26830.000
48.037,50.456,50.242,26830.000
48.037,50.456,50.262,26830.000
48.037,50.456,50.262,26830.000
48.037,50.456,50.262,27940.000
48.037,50.456,50.262,27940.000
48.037,50.456,50.262,27940.000
48.037,50.456,50.262,27940.000
48.037,50.456,50.262,27940.000
48.037,50.456,50.262,27940.000
48.037,50.456,50.262,27940.000
48.037,50.456,50.262,27940.000
48.037,50.456,50.262,27940.000
48.037,50.456,50.262,27940.000
48.037,50.456,50.262,27940.000
48.037,50.456,50.262,27940.000
48.037,50.456,50.262,27940.000
48.037,50.456,50.262,27940.000
48.037,50.456,50.282,27940.000
48.037,50.456,50.282,29090.000
48.037,50.456,50.282,29090.000
48.037,50.456,50.282,29090.000
48.037,50.456,50.282,29090.000
48.037,50.456,50.282,29090.000
48.037,50.456,50.282,29090.000
48.037,50.456,50.282,29090.000
48.037,50.456,50.282,29090.000
48.037,50.456,50.282,29090.000
48.037,50.456,50.282,29090.000
48.037,50.456,50.282,29090.000
48.037,50.456,50.282,29090.000
48.037,50.456,50.282,33180.000
48.037,50.456,50.282,33180.000
48.037,50.456,50.282,33180.000
48.037,50.456,50.282,33180.000
48.037,50.456,50.302,30820.000
48.037,50.456,50.302,29180.000
48.037,50.456,50.302,29180.000
48.037,50.456,50.302,29180.000
48.037,50.456,50.302,29180.000
48.037,50.456,50.302,29180.000
48.037,50.456,50.302,29180.000
48.037,50.456,50.322,29180.000
48.037,50.456,50.322,29180.000
48.037,50.456,50.322,29180.000
48.037,50.456,50.322,29180.000
48.037,50.456,50.322,29180.000
48.037,50.456,50.322,29180.000
48.037,50.456,50.322,29180.000
48.037,50.456,50.322,29180.000
48.037,50.456,50.322,29180.000
48.037,50.456,50.322,29180.000
48.037,50.456,50.322,29180.000
48.037,50.456,50.322,29180.000
48.037,50.456,50.322,29180.000
48.037,50.456,50.322,29180.000
48.037,50.456,50.322,29180.000
48.037,50.456,50.322,36660.000
48.037,50.456,50.342,38340.000
48.037,50.456,50.342,38340.000
48.037,50.456,50.342,38340.000
48.037,50.456,50.342,38340.000
48.037,50.456,50.342,38340.000
48.037,50.456,50.342,38340.000
48.037,50.456,50.342,38340.000
48.037,50.456,50.342,38340.000
48.037,50.456,50.342,38340.000
48.037,50.456,50.342,38340.000
48.037,50.456,50.342,38340.000
48.037,50.456,50.342,38340.000
48.037,50.456,50.342,38340.000
48.037,50.456,50.342,38340.000
48.037,50.456,50.342,34430.000
48.037,50.456,50.342,34430.000
48.037,50.456,50.342,34430.000
48.037,50.456,50.342,34430.000
48.037,50.456,50.342,34430.000
48.037,50.456,50.362,35820.000
48.037,50.456,50.362,35820.000
48.037,50.456,50.362,37900.000
48.037,50.456,50.362,37900.000
48.037,50.456,50.362,37900.000
48.037,50.456,50.362,37900.000
48.037,50.456,50.362,37900.000
48.037,50.456,50.362,37900.000
48.037,50.456,50.362,37900.000
48.037,50.456,50.362,37900.000
48.037,50.456,50.382,37900.000
48.037,50.456,50.382,37900.000
48.037,50.456,50.382,37900.000
48.037,50.456,50.382,37900.000
48.037,50.456,50.382,37900.000
48.037,50.456,50.382,38020.000
48.037,50.456,50.382,38020.000
48.037,50.456,50.382,38020.000
48.037,50.456,50.382,38020.000
48.037,50.456,50.382,38020.000
48.037,50.456,50.382,38020.000
48.037,50.456,50.382,38020.000
48.037,50.456,50.382,38020.000
48.037,50.456,50.382,38180.000
48.037,50.456,50.382,38180.000
48.037,50.456,50.402,42830.000
48.037,50.456,50.402,42830.000
48.037,50.456,50.402,42830.000
48.037,50.456,50.402,42830.000
48.037,50.456,50.402,42830.000
48.037,50.456,50.402,42830.000
48.037,50.456,50.402,42830.000
48.037,50.456,50.402,42830.000
48.037,50.456,50.402,42830.000
48.037,50.456,50.402,42830.000
48.037,50.456,50.402,42830.000
48.037,50.456,50.402,42830.000
48.037,50.456,50.402,42830.000
48.037,50.456,50.402,44840.000
48.037,50.456,50.402,44840.000
48.037,50.456,50.402,44840.000
48.037,50.456,50.402,44840.000
48.037,50.456,50.402,44840.000
48.037,50.456,50.402,44840.000
48.037,50.456,50.402,44840.000
48.037,50.456,50.402,44840.000
48.037,50.456,50.402,44840.000
48.037,50.456,50.402,44840.000
48.037,50.456,50.402,44840.000
48.037,50.456,50.402,44840.000
48.037,50.456,50.422,44840.000
48.037,50.456,50.422,44840.000
48.037,50.456,50.422,44840.000
48.037,50.456,50.422,44840.000
48.037,50.456,50.422,44840.000
48.037,50.456,50.422,44840.000
48.037,50.456,50.422,44840.000
48.037,50.456,50.422,44840.000
48.037,50.456,50.422,44840.000
48.037,50.456,50.422,44840.000
48.037,50.456,50.422,44840.000
48.037,50.456,50.422,44840.000
48.037,50.456,50.422,42200.000
48.037,50.456,50.422,42200.000
48.037,50.456,50.422,42200.000
48.037,50.456,50.422,42200.000
48.037,50.456,50.422,42200.000
48.037,50.456,50.422,42200.000
48.037,50.456,50.422,42200.000
48.037,50.456,50.422,42200.000
48.037,50.456,50.442,42200.000
48.037,50.456,50.442,42200.000
48.037,50.456,50.442,42200.000
48.037,50.456,50.442,42200.000
48.037,50.456,50.442,42210.000
48.037,50.456,50.442,42210.000
48.037,50.456,50.442,42210.000
48.037,50.456,50.442,42210.000
48.037,50.456,50.442,42210.000
48.037,50.456,50.442,42210.000
48.037,50.456,50.442,42210.000
48.037,50.456,50.442,42210.000
48.037,50.456,50.442,42210.000
48.037,50.456,50.442,43900.000
48.037,50.456,50.442,43900.000
48.037,50.456,50.462,49210.000
48.037,50.456,50.462,49210.000
48.037,50.456,50.462,49210.000
48.037,50.456,50.462,49210.000
48.037,50.456,50.462,49210.000
48.037,50.456,50.462,49210.000
48.037,50.456,50.462,49210.000
48.037,50.456,50.462,49210.000
48.037,50.456,50.462,49210.000
48.037,50.456,50.462,49210.000
48.037,50.456,50.462,49210.000
48.037,50.456,50.462,43470.000
48.037,50.456,50.462,43470.000
48.037,50.456,50.462,43470.000
48.037,50.456,50.462,43470.000
48.037,50.456,50.462,43470.000
48.037,50.456,50.462,43470.000
48.037,50.456,50.462,43470.000
48.037,50.456,50.462,43470.000
48.037,50.456,50.462,43470.000
48.037,50.456,50.462,43470.000
48.037,50.456,50.482,44290.000
48.037,50.456,50.482,44290.000
48.037,50.456,50.482,44290.000
48.037,50.456,50.482,44290.000
48.037,50.456,50.482,43700.000
48.037,50.456,50.482,43700.000
48.037,50.456,50.482,43700.000
48.037,50.456,50.482,43700.000
48.037,50.456,50.482,43700.000
48.037,50.456,50.482,43700.000
48.037,50.456,50.482,43700.000
48.037,50.456,50.482,43700.000
48.037,50.456,50.482,43700.000
48.037,50.456,50.482,43700.000
48.037,50.456,50.482,43700.000
48.037,50.456,50.482,43700.000
48.037,50.456,50.482,43700.000
48.037,50.456,50.482,43700.000
48.037,50.456,50.482,43500.000
48.037,50.456,50.482,43500.000
48.037,50.456,50.482,43500.000
48.037,50.456,50.482,43500.000
48.037,50.456,50.482,43500.000
48.037,50.456,50.482,43500.000
48.037,50.456,50.482,43500.000
48.037,50.456,50.502,43500.000
48.037,50.456,50.502,44120.000
48.037,50.456,50.502,44120.000
48.037,50.456,50.502,44120.000
48.037,50.456,50.502,44120.000
48.037,50.456,50.502,44120.000
48.037,50.456,50.502,44120.000
48.037,50.456,50.502,44120.000
48.037,50.456,50.502,44120.000
48.037,50.456,50.502,44120.000
48.037,50.456,50.502,44120.000
48.037,50.456,50.502,44120.000
48.037,50.456,50.502,44120.000
48.037,50.456,50.502,44120.000
48.037,50.456,50.502,44120.000
48.037,50.456,50.502,44120.000
48.037,50.456,50.502,44120.000
48.037,50.456,50.502,44120.000
48.037,50.456,50.502,44120.000
48.037,50.456,50.502,44120.000
48.037,50.456,50.502,44120.000
48.037,50.456,50.522,49370.000
48.037,50.456,50.522,49370.000
48.037,50.456,50.522,49370.000
48.037,50.456,50.522,49370.000
48.037,50.456,50.522,49370.000
48.037,50.456,50.522,49370.000
48.037,50.456,50.522,49370.000
48.037,50.456,50.522,49370.000
48.037,50.456,50.522,49370.000
48.037,50.456,50.522,49370.000
48.037,50.456,50.522,49370.000
48.037,50.456,50.522,49370.000
48.037,50.456,50.522,47720.000
48.037,50.456,50.522,47720.000
48.037,50.456,50.522,47720.000
48.037,50.456,50.522,47720.000
48.037,50.456,50.522,47720.000
48.037,50.456,50.522,47720.000
48.037,50.456,50.522,47720.000
48.037,50.456,50.522,47720.000
48.037,50.456,50.542,44540.000
48.037,50.456,50.542,44540.000
48.037,50.456,50.542,44540.000
48.037,50.456,50.542,44540.000
48.037,50.456,50.542,44540.000
48.037,50.456,50.542,44540.000
48.037,50.456,50.542,44540.000
48.037,50.456,50.542,44540.000
48.037,50.456,50.542,44540.000
48.037,50.456,50.542,44540.000
48.037,50.456,50.542,44540.000
48.037,50.456,50.542,44540.000
48.037,50.456,50.542,44540.000
48.037,50.456,50.542,44230.000
48.037,50.456,50.542,44230.000
48.037,50.456,50.542,44230.000
48.037,50.456,50.542,44230.000
48.037,50.456,50.542,44230.000
48.037,50.456,50.542,44230.000
48.037,50.456,50.542,44230.000
48.037,50.456,50.542,45150.000
48.037,50.456,50.542,45070.000
48.037,50.456,50.542,45070.000
48.037,50.456,50.542,45070.000
48.037,50.456,50.542,45070.000
48.037,50.456,50.542,45070.000
48.037,50.456,50.542,45070.000
48.037,50.456,50.542,45070.000
48.037,50.456,50.542,45070.000
48.037,50.456,50.542,45070.000
48.037,50.456,50.542,45070.000
48.037,50.456,50.542,45070.000
48.037,50.456,50.542,45070.000
48.037,50.456,50.542,45070.000
48.037,50.456,50.542,45960.000
48.037,50.456,50.562,45960.000
48.037,50.456,50.562,45960.000
48.037,50.456,50.562,45960.000
48.037,50.456,50.562,45960.000
48.037,50.456,50.562,45920.000
48.037,50.456,50.562,45920.000
48.037,50.456,50.562,45920.000
48.037,50.456,50.562,45920.000
48.037,50.456,50.562,45920.000
48.037,50.456,50.562,45920.000
48.037,50.456,50.562,45920.000
48.037,50.456,50.562,45920.000
48.037,50.456,50.562,45920.000
48.037,50.456,50.562,45920.000
48.037,50.456,50.562,45920.000
48.037,50.456,50.562,45920.000
48.037,50.456,50.562,45920.000
48.037,50.456,50.582,45920.000
48.037,50.456,50.582,45920.000
48.037,50.456,50.582,45920.000
48.037,50.456,50.582,44890.000
48.037,50.456,50.582,44890.000
48.037,50.456,50.582,44890.000
48.037,50.456,50.582,44890.000
48.037,50.456,50.582,44890.000
48.037,50.456,50.582,44890.000
48.037,50.456,50.582,44890.000
48.037,50.456,50.582,44890.000
48.037,50.456,50.582,44830.000
48.037,50.456,50.582,44830.000
48.037,50.456,50.582,44830.000
48.037,50.456,50.582,44830.000
48.037,50.456,50.582,44830.000
48.037,50.456,50.582,44830.000
48.037,50.456,50.582,44830.000
48.037,50.456,50.582,48580.000
48.037,50.456,50.582,48580.000
48.037,50.456,50.582,48580.000
48.037,50.456,50.582,48580.000
48.037,50.456,50.582,48580.000
48.037,50.456,50.582,48580.000
48.037,50.456,50.582,48580.000
48.037,50.456,50.582,48580.000
48.037,50.456,50.582,48580.000
48.037,50.456,50.582,48580.000
48.037,50.456,50.582,48580.000
48.037,50.456,50.582,48580.000
48.037,50.456,50.582,48580.000
48.037,50.456,50.582,48580.000
48.037,50.456,50.582,48580.000
48.037,50.456,50.582,50510.000
48.037,50.456,50.582,50510.000
48.037,50.456,50.582,50510.000
48.037,50.456,50.582,50510.000
48.037,50.456,50.582,50510.000
48.037,50.456,50.582,50510.000
48.037,50.456,50.582,50510.000
48.037,50.456,50.582,50510.000
48.037,50.456,50.582,50510.000
48.037,50.456,50.582,50510.000
48.037,50.456,50.582,48770.000
48.037,50.456,50.582,48770.000
48.037,50.456,50.582,47680.000
48.037,50.456,50.582,47680.000
48.037,50.456,50.582,47680.000
48.037,50.456,50.582,47680.000
48.037,50.456,50.582,47680.000
48.037,50.456,50.582,47680.000
48.037,50.456,50.582,47680.000
48.037,50.456,50.582,47680.000
48.037,50.456,50.582,47680.000
48.037,50.456,50.582,47680.000
48.037,50.456,50.582,47680.000
48.037,50.456,50.582,47680.000
48.037,50.456,50.582,47680.000
48.037,50.456,50.582,47680.000
48.037,50.456,50.582,47680.000
48.037,50.456,50.582,52490.000
48.037,50.456,50.582,52490.000
48.037,50.456,50.582,52490.000
48.037,50.456,50.582,52490.000
48.037,50.456,50.582,52490.000
48.037,50.456,50.582,52490.000
48.037,50.456,50.582,52490.000
48.037,50.456,50.582,47610.000
48.037,50.456,50.582,47610.000
48.037,50.456,50.582,47880.000
48.037,50.456,50.582,47880.000
48.037,50.456,50.582,47880.000
48.037,50.456,50.582,47880.000
48.037,50.456,50.582,47880.000
48.037,50.456,50.582,47880.000
48.037,50.456,50.582,47880.000
48.037,50.456,50.582,47880.000
48.037,50.456,50.582,47880.000
48.037,50.456,50.582,47880.000
48.037,50.456,50.582,47880.000
48.037,50.456,50.582,47880.000
48.037,50.456,50.582,47880.000
48.037,50.456,50.582,47880.000
48.037,50.456,50.582,47880.000
48.037,50.456,50.582,47880.000
48.037,50.456,50.582,47880.000
48.037,50.456,50.582,47880.000
48.037,50.456,50.582,48590.000
48.037,50.456,50.582,48590.000
48.037,50.456,50.582,48590.000
48.037,50.456,50.582,48590.000
48.037,50.456,50.582,48590.000
48.037,50.456,50.582,48590.000
48.037,50.456,50.582,48590.000
48.037,50.456,50.582,48590.000
48.037,50.456,50.582,48590.000
48.037,50.456,50.582,48590.000
48.037,50.456,50.582,48590.000
48.037,50.456,50.582,48590.000
48.037,50.456,50.582,48570.000
48.037,50.456,50.582,48570.000
48.037,50.456,50.582,48570.000
48.037,50.456,50.582,48570.000
48.037,50.456,50.582,48570.000
48.037,50.456,50.582,48570.000
48.037,50.456,50.582,48570.000
48.037,50.456,50.582,48570.000
48.037,50.456,50.582,48570.000
48.037,50.456,50.582,49320.000
48.037,50.456,50.582,49320.000
48.037,50.456,50.582,49420.000
48.037,50.456,50.582,49420.000
48.037,50.456,50.582,49420.000
48.037,50.456,50.582,49420.000
48.037,50.456,50.582,49420.000
48.037,50.456,50.582,49420.000
48.037,50.456,50.582,49420.000
48.037,50.456,50.582,49420.000
48.037,50.456,50.582,49420.000
48.037,50.456,50.582,49420.000
48.037,50.456,50.582,49420.000
48.037,50.456,50.582,49420.000
48.037,50.456,50.582,49420.000
48.037,50.456,50.582,48920.000
48.037,50.456,50.582,48920.000
48.037,50.456,50.582,48920.000
48.037,50.456,50.582,48920.000
48.037,50.456,50.582,48920.000
48.037,50.456,50.582,48920.000
48.037,50.456,50.582,48920.000
48.037,50.456,50.582,48920.000
48.037,50.456,50.582,48190.000
48.037,50.456,50.582,48190.000
48.037,50.456,50.582,48190.000
48.037,50.456,50.582,48190.000
48.037,50.456,50.582,48190.000
48.037,50.456,50.602,52070.000
48.037,50.456,50.602,52070.000
48.037,50.456,50.602,52070.000
48.037,50.456,50.602,52070.000
48.037,50.456,50.602,52070.000
48.037,50.456,50.602,52070.000
48.037,50.456,50.602,52070.000
48.037,50.456,50.602,52070.000
48.037,50.456,50.602,52070.000
48.037,50.456,50.602,52070.000
48.037,50.456,50.602,52070.000
48.037,50.456,50.602,52070.000
48.037,50.456,50.602,52070.000
48.037,50.456,50.622,50260.000
48.037,50.456,50.622,50260.000
48.037,50.456,50.622,50260.000
48.037,50.456,50.622,50260.000
48.037,50.456,50.622,50260.000
48.037,50.456,50.622,50260.000
48.037,50.456,50.622,50260.000
48.037,50.456,50.642,45450.000
48.037,50.456,50.642,45450.000
48.037,50.456,50.642,45450.000
48.037,50.456,50.642,45450.000
48.037,50.456,50.642,45450.000
48.037,50.456,50.642,45450.000
48.037,50.456,50.642,47070.000
48.037,50.456,50.642,47070.000
48.037,50.456,50.642,47070.000
48.037,50.456,50.642,47070.000
48.037,50.456,50.662,47070.000
48.037,50.456,50.662,47070.000
48.037,50.456,50.662,47030.000
48.037,50.456,50.662,47030.000
48.037,50.456,50.662,47030.000
48.037,50.456,50.662,47030.000
48.037,50.456,50.662,47030.000
48.037,50.456,50.662,47030.000
48.037,50.456,50.662,46040.000
48.037,50.456,50.662,46040.000
48.037,50.456,50.662,46040.000
48.037,50.456,50.662,46040.000
48.037,50.456,50.662,46040.000
48.037,50.456,50.662,46040.000
48.037,50.456,50.662,46040.000
48.037,50.456,50.662,46040.000
48.037,50.456,50.662,46040.000
48.037,50.456,50.662,46040.000
48.037,50.456,50.662,46040.000
48.037,50.456,50.662,46040.000
48.037,50.456,50.662,46040.000
48.037,50.456,50.662,46040.000
48.037,50.456,50.662,46040.000
48.037,50.456,50.662,46040.000
48.037,50.456,50.662,46040.000
48.037,50.456,50.662,45360.000
48.037,50.456,50.662,45360.000
48.037,50.456,50.662,45360.000
48.037,50.456,50.662,45360.000
48.037,50.456,50.662,45360.000
48.037,50.456,50.662,45360.000
48.037,50.456,50.662,45360.000
48.037,50.456,50.662,45360.000
48.037,50.456,50.662,45360.000
48.037,50.456,50.662,45360.000
48.037,50.456,50.662,45360.000
48.037,50.456,50.662,45360.000
48.037,50.456,50.662,45170.000
48.037,50.456,50.662,45170.000
48.037,50.456,50.662,45170.000
48.037,50.456,50.662,45170.000
48.037,50.456,50.662,45170.000
48.037,50.456,50.662,43980.000
48.037,50.456,50.662,43980.000
48.037,50.456,50.662,43980.000
48.037,50.456,50.662,47480.000
48.037,50.456,50.662,47480.000
48.037,50.456,50.662,47480.000
48.037,50.456,50.662,47480.000
48.037,50.456,50.662,47480.000
48.037,50.456,50.662,47480.000
48.037,50.456,50.662,47480.000
48.037,50.456,50.662,47480.000
48.037,50.456,50.662,48800.000
48.037,50.456,50.662,48800.000
48.037,50.456,50.662,48800.000
48.037,50.456,50.662,48800.000
48.037,50.456,50.662,48800.000
48.037,50.456,50.662,48800.000
48.037,50.456,50.662,48620.000
48.037,50.456,50.662,48620.000
48.037,50.456,50.662,48620.000
48.037,50.456,50.662,48620.000
48.037,50.456,50.662,48620.000
48.037,50.456,50.662,48620.000
48.037,50.456,50.662,48620.000
48.037,50.456,50.662,48620.000
48.037,50.456,50.662,48620.000
48.037,50.456,50.662,48620.000
48.037,50.456,50.662,48620.000
48.037,50.456,50.662,48620.000
48.037,50.456,50.662,48620.000
48.037,50.456,50.662,48620.000
48.037,50.456,50.662,48620.000
48.037,50.456,50.662,48620.000
48.037,50.456,50.662,48740.000
48.037,50.456,50.662,48740.000
48.037,50.456,50.662,48740.000
48.037,50.456,50.662,48740.000
48.037,50.456,50.662,48740.000
48.037,50.456,50.662,48740.000
48.037,50.456,50.662,48740.000
48.037,50.456,50.662,48740.000
48.037,50.456,50.662,48740.000
48.037,50.456,50.662,45310.000
48.037,50.456,50.662,45310.000
48.037,50.456,50.662,45310.000
48.037,50.456,50.662,45310.000
48.037,50.456,50.662,46390.000
48.037,50.456,50.662,46390.000
48.037,50.456,50.662,46390.000
48.037,50.456,50.662,46390.000
48.037,50.456,50.662,46390.000
48.037,50.456,50.662,46390.000
48.037,50.456,50.662,46390.000
48.037,50.456,50.662,46390.000
48.037,50.456,50.662,46390.000
48.037,50.456,50.662,46390.000
48.037,50.456,50.662,46390.000
48.037,50.456,50.662,46390.000
48.037,50.456,50.662,46390.000
48.037,50.456,50.662,48180.000
48.037,50.456,50.662,48180.000
48.037,50.456,50.662,48180.000
48.037,50.456,50.662,48180.000
48.037,50.456,50.662,48180.000
48.037,50.456,50.662,48180.000
48.037,50.456,50.662,48180.000
48.037,50.456,50.662,48180.000
48.037,50.456,50.662,46020.000
48.037,50.456,50.662,46020.000
48.037,50.456,50.662,46020.000
48.037,50.456,50.662,48670.000
48.037,50.456,50.662,48670.000
48.037,50.456,50.662,48670.000
48.037,50.456,50.662,48670.000
48.037,50.456,50.662,48670.000
48.037,50.456,50.662,48670.000
48.037,50.456,50.662,48670.000
48.037,50.456,50.662,48670.000
48.037,50.456,50.662,48670.000
48.037,50.456,50.662,48670.000
48.037,50.456,50.662,50210.000
48.037,50.456,50.662,50210.000
48.037,50.456,50.662,50210.000
48.037,50.456,50.662,50210.000
48.037,50.456,50.662,50210.000
48.037,50.456,50.662,50210.000
48.037,50.456,50.662,50210.000
48.037,50.456,50.662,50210.000
48.037,50.456,50.662,50210.000
48.037,50.456,50.662,50210.000
48.037,50.436,50.662,50660.000
48.037,50.436,50.662,50660.000
48.037,50.436,50.662,50660.000
48.037,50.436,50.662,50660.000
48.037,50.436,50.662,47270.000
48.037,50.436,50.662,47270.000
48.037,50.416,50.662,47270.000
48.037,50.416,50.662,47270.000
48.037,50.416,50.662,47270.000
48.037,50.416,50.662,47270.000
48.037,50.416,50.662,47270.000
48.037,50.416,50.662,47270.000
48.037,50.416,50.662,47270.000
48.037,50.416,50.662,47270.000
48.037,50.416,50.662,47270.000
48.037,50.416,50.662,47270.000
48.037,50.416,50.662,47270.000
48.037,50.416,50.662,45910.000
48.037,50.416,50.662,45910.000
48.037,50.416,50.662,45910.000
48.037,50.416,50.662,45910.000
48.037,50.416,50.662,45910.000
48.037,50.416,50.662,45910.000
48.037,50.396,50.662,45300.000
48.037,50.396,50.662,45300.000
48.037,50.396,50.662,45300.000
48.037,50.396,50.662,45300.000
48.037,50.396,50.662,45300.000
48.037,50.396,50.662,45300.000
48.037,50.396,50.662,45300.000
48.037,50.396,50.662,45300.000
48.037,50.396,50.662,45300.000
48.037,50.396,50.662,45300.000
48.037,50.396,50.662,45300.000
48.037,50.396,50.662,45300.000
48.037,50.396,50.662,43760.000
48.037,50.396,50.662,43760.000
48.037,50.396,50.662,43760.000
48.037,50.376,50.662,43760.000
48.037,50.376,50.662,43760.000
48.037,50.376,50.662,43760.000
48.037,50.376,50.662,43630.000
48.037,50.376,50.662,43630.000
48.037,50.376,50.662,43630.000
48.037,50.376,50.662,43310.000
48.037,50.376,50.662,43310.000
48.037,50.376,50.662,43310.000
48.037,50.376,50.662,43310.000
48.037,50.376,50.662,43310.000
48.037,50.376,50.662,43310.000
48.037,50.376,50.662,43310.000
48.037,50.376,50.662,43310.000
48.037,50.376,50.662,43310.000
48.037,50.376,50.662,43310.000
48.037,50.376,50.662,43310.000
48.037,50.376,50.662,43310.000
48.037,50.376,50.662,43310.000
48.037,50.356,50.662,40610.000
48.037,50.356,50.662,40610.000
48.037,50.356,50.662,40610.000
48.037,50.356,50.662,40610.000
48.037,50.356,50.662,40610.000
48.037,50.356,50.662,40610.000
48.037,50.336,50.662,40130.000
48.037,50.336,50.662,40130.000
48.037,50.336,50.662,34990.000
48.037,50.336,50.662,34990.000
48.037,50.336,50.662,34990.000
48.037,50.336,50.662,34990.000
48.037,50.336,50.662,34990.000
48.037,50.336,50.662,34990.000
48.037,50.336,50.662,34990.000
48.037,50.336,50.662,34990.000
48.037,50.336,50.662,34990.000
48.037,50.336,50.662,34990.000
48.037,50.336,50.662,34990.000
48.037,50.336,50.662,34990.000
48.037,50.336,50.662,34990.000
48.037,50.336,50.662,34990.000
48.037,50.336,50.662,34990.000
48.037,50.336,50.662,34990.000
48.037,50.336,50.662,34990.000
48.037,50.336,50.662,34990.000
48.037,50.336,50.662,34990.000
48.037,50.336,50.662,34990.000
48.037,50.336,50.662,34990.000
48.037,50.316,50.662,34990.000
48.037,50.316,50.662,34990.000
48.037,50.316,50.662,34990.000
48.037,50.316,50.662,34990.000
48.037,50.316,50.662,33330.000
48.037,50.316,50.662,33330.000
48.037,50.316,50.662,33330.000
48.037,50.316,50.662,33330.000
48.037,50.316,50.662,33330.000
48.037,50.316,50.662,33330.000
48.037,50.316,50.662,29120.000
48.037,50.316,50.662,30090.000
48.037,50.316,50.662,30090.000
48.037,50.316,50.662,30090.000
48.037,50.316,50.662,30090.000
48.037,50.316,50.662,30090.000
48.037,50.316,50.662,30090.000
48.037,50.316,50.662,30090.000
48.037,50.316,50.662,30090.000
48.037,50.316,50.662,30090.000
48.037,50.316,50.662,30090.000
48.037,50.316,50.662,30090.000
48.037,50.316,50.662,30090.000
48.037,50.316,50.662,31060.000
48.037,50.316,50.662,31060.000
48.037,50.316,50.662,31060.000
48.037,50.316,50.662,31060.000
48.037,50.316,50.662,29300.000
48.037,50.316,50.662,29300.000
48.037,50.316,50.662,29300.000
48.037,50.316,50.662,29300.000
48.037,50.316,50.662,29300.000
48.037,50.316,50.662,29300.000
48.037,50.316,50.662,29300.000
48.037,50.316,50.662,29300.000
48.037,50.316,50.662,29300.000
48.037,50.316,50.662,29300.000
48.037,50.336,50.662,29300.000
48.037,50.336,50.662,29300.000
48.037,50.336,50.662,29300.000
48.037,50.336,50.662,29300.000
48.037,50.336,50.662,29300.000
48.037,50.336,50.662,27770.000
48.037,50.336,50.662,27770.000
48.037,50.336,50.662,27770.000
48.037,50.336,50.662,27770.000
48.037,50.336,50.662,27770.000
48.037,50.336,50.662,27770.000
48.037,50.336,50.662,27770.000
48.037,50.336,50.662,27770.000
48.037,50.336,50.662,27770.000
48.037,50.336,50.662,27770.000
48.037,50.336,50.662,27770.000
48.037,50.336,50.662,27770.000
48.037,50.336,50.662,28010.000
48.037,50.336,50.662,28010.000
48.037,50.336,50.662,28010.000
48.037,50.336,50.662,28010.000
48.037,50.336,50.662,28010.000
48.037,50.356,50.662,28010.000
48.037,50.356,50.662,30740.000
48.037,50.356,50.662,30740.000
48.037,50.356,50.662,30740.000
48.037,50.356,50.662,30740.000
48.037,50.356,50.662,36010.000
48.037,50.356,50.662,36010.000
48.037,50.356,50.662,36010.000
48.037,50.356,50.662,36010.000
48.037,50.356,50.662,36010.000
48.037,50.356,50.662,36010.000
48.037,50.356,50.662,36010.000
48.037,50.356,50.662,36010.000
48.037,50.356,50.662,36010.000
48.037,50.356,50.662,36010.000
48.037,50.356,50.662,36010.000
48.037,50.356,50.662,36010.000
48.037,50.356,50.662,36010.000
48.037,50.376,50.662,36010.000
48.037,50.376,50.662,36010.000
48.037,50.376,50.662,36010.000
48.037,50.376,50.662,36010.000
48.037,50.376,50.662,36010.000
48.037,50.376,50.662,36010.000
48.037,50.376,50.662,36010.000
48.037,50.376,50.662,36010.000
48.037,50.396,50.662,37710.000
48.037,50.396,50.662,39550.000
48.037,50.396,50.662,39550.000
48.037,50.396,50.662,39550.000
48.037,50.396,50.662,39550.000
48.037,50.396,50.662,39550.000
48.037,50.396,50.662,39550.000
48.037,50.396,50.662,39550.000
48.037,50.396,50.662,39550.000
48.037,50.396,50.662,39550.000
48.037,50.396,50.662,39550.000
48.037,50.396,50.662,39550.000
48.037,50.396,50.662,39550.000
48.037,50.396,50.662,39550.000
48.037,50.396,50.662,42090.000
48.037,50.396,50.662,42090.000
48.037,50.396,50.662,42090.000
48.037,50.396,50.662,42090.000
48.037,50.396,50.662,42090.000
48.037,50.396,50.662,42090.000
48.037,50.396,50.662,42090.000
48.037,50.416,50.662,42090.000
48.037,50.416,50.662,42090.000
48.037,50.416,50.662,39870.000
48.037,50.416,50.662,39870.000
48.037,50.416,50.662,39870.000
48.037,50.416,50.662,39870.000
48.037,50.436,50.662,44460.000
48.037,50.436,50.662,44460.000
48.037,50.436,50.662,44460.000
48.037,50.436,50.662,44460.000
48.037,50.436,50.662,44460.000
48.037,50.436,50.662,44460.000
48.037,50.436,50.662,44460.000
48.037,50.436,50.662,44460.000
48.037,50.436,50.662,44460.000
48.037,50.436,50.662,44460.000
48.037,50.456,50.662,46060.000
48.037,50.456,50.662,46060.000
48.037,50.456,50.662,46060.000
48.037,50.456,50.662,45120.000
48.037,50.456,50.662,45120.000
48.037,50.456,50.662,45120.000
48.037,50.456,50.662,45120.000
48.037,50.456,50.662,45120.000
48.037,50.456,50.662,45120.000
48.037,50.456,50.662,45120.000
48.037,50.456,50.662,45120.000
48.037,50.456,50.662,45120.000
48.037,50.456,50.662,45120.000
48.037,50.456,50.662,45120.000
48.037,50.456,50.662,45120.000
48.037,50.456,50.662,45120.000
48.037,50.456,50.662,45120.000
48.037,50.456,50.662,45120.000
48.037,50.456,50.662,45450.000
48.037,50.456,50.662,45450.000
48.037,50.456,50.662,45450.000
48.037,50.456,50.662,45450.000
48.037,50.456,50.662,45450.000
48.037,50.456,50.662,45450.000
48.037,50.456,50.662,45450.000
48.037,50.456,50.662,45450.000
48.037,50.476,50.662,45450.000
48.037,50.476,50.662,45450.000
48.037,50.476,50.662,45450.000
48.037,50.476,50.662,45450.000
48.037,50.476,50.662,45450.000
48.037,50.476,50.662,45450.000
48.037,50.476,50.662,45450.000
48.037,50.476,50.662,45450.000
48.037,50.476,50.662,45450.000
48.037,50.476,50.662,46350.000
48.037,50.476,50.662,46350.000
48.037,50.476,50.662,46350.000
48.037,50.476,50.662,46350.000
48.037,50.496,50.662,50230.000
48.037,50.496,50.662,50230.000
48.037,50.496,50.662,50230.000
48.037,50.496,50.662,50230.000
48.037,50.496,50.662,50230.000
48.037,50.496,50.662,50230.000
48.037,50.496,50.662,50230.000
48.037,50.496,50.662,50230.000
48.037,50.516,50.662,47170.000
48.037,50.516,50.662,47170.000
48.037,50.516,50.662,47770.000
48.037,50.516,50.662,47770.000
48.037,50.516,50.662,47770.000
48.037,50.516,50.662,47770.000
48.037,50.516,50.662,47770.000
48.037,50.516,50.662,47770.000
48.037,50.516,50.662,47770.000
48.037,50.516,50.662,47770.000
48.037,50.516,50.662,47770.000
48.037,50.516,50.662,47770.000
48.037,50.516,50.662,47770.000
48.037,50.516,50.662,47770.000
48.037,50.516,50.662,47770.000
48.037,50.516,50.662,44280.000
48.037,50.516,50.662,44280.000
48.037,50.516,50.662,44280.000
48.037,50.516,50.662,44280.000
48.037,50.516,50.662,44280.000
48.037,50.516,50.662,44280.000
48.037,50.516,50.662,44280.000
48.037,50.516,50.662,44280.000
48.037,50.516,50.662,44550.000
48.037,50.516,50.662,44550.000
48.037,50.516,50.662,44550.000
48.037,50.516,50.662,45490.000
48.037,50.516,50.662,45490.000
48.037,50.516,50.662,44660.000
48.037,50.516,50.662,44660.000
48.037,50.516,50.662,44660.000
48.037,50.516,50.662,44660.000
48.037,50.516,50.662,44660.000
48.037,50.516,50.662,44660.000
48.037,50.516,50.662,44660.000
48.037,50.516,50.662,44660.000
48.037,50.516,50.662,44660.000
48.037,50.516,50.662,44660.000
48.037,50.516,50.662,44660.000
48.037,50.516,50.662,44660.000
48.037,50.516,50.662,42840.000
48.037,50.516,50.662,42840.000
48.037,50.516,50.662,42840.000
48.037,50.516,50.662,42840.000
48.037,50.516,50.662,42840.000
48.037,50.516,50.662,42840.000
48.037,50.516,50.662,42840.000
48.037,50.516,50.662,42840.000
48.037,50.516,50.662,42840.000
48.037,50.516,50.662,42840.000
48.037,50.516,50.662,42840.000
48.037,50.516,50.662,42840.000
48.037,50.516,50.662,42840.000
48.037,50.516,50.662,44030.000
48.037,50.516,50.662,44030.000
48.037,50.516,50.662,44030.000
48.037,50.516,50.662,44030.000
48.037,50.516,50.662,44030.000
48.037,50.516,50.662,44030.000
48.037,50.516,50.662,44030.000
48.037,50.516,50.662,44030.000
48.037,50.516,50.662,44030.000
48.037,50.516,50.662,44030.000
48.037,50.516,50.662,46850.000
48.037,50.516,50.662,46850.000
48.037,50.516,50.662,46850.000
48.037,50.516,50.662,47770.000
48.037,50.516,50.662,47770.000
48.037,50.516,50.662,46460.000
48.037,50.516,50.662,46460.000
48.037,50.516,50.662,46460.000
48.037,50.516,50.662,46460.000
48.037,50.516,50.662,46460.000
48.037,50.516,50.662,46460.000
48.037,50.516,50.662,46460.000
48.037,50.516,50.662,46460.000
48.037,50.516,50.662,46460.000
48.037,50.516,50.662,43210.000
48.037,50.516,50.662,43210.000
48.037,50.516,50.662,43210.000
48.037,50.516,50.662,43210.000
48.037,50.516,50.662,43210.000
48.037,50.516,50.662,43210.000
48.037,50.516,50.662,43210.000
48.037,50.516,50.662,43210.000
48.017,50.516,50.662,43970.000
48.017,50.516,50.662,43290.000
48.017,50.516,50.662,43290.000
48.017,50.516,50.662,43290.000
48.017,50.516,50.662,43290.000
48.017,50.516,50.662,43290.000
48.017,50.516,50.662,43290.000
48.017,50.516,50.662,43290.000
48.017,50.516,50.662,43290.000
48.017,50.516,50.662,43290.000
48.017,50.516,50.662,43290.000
48.017,50.516,50.662,43290.000
48.017,50.516,50.662,43290.000
48.017,50.516,50.662,49070.000
48.017,50.516,50.662,49070.000
48.017,50.516,50.662,49070.000
47.997,50.516,50.662,49070.000
47.997,50.516,50.662,49070.000
47.997,50.516,50.662,49070.000
47.997,50.516,50.662,49070.000
47.997,50.516,50.662,49420.000
47.997,50.516,50.662,49420.000
47.997,50.516,50.662,49420.000
47.997,50.516,50.662,49420.000
47.997,50.516,50.662,49420.000
47.977,50.516,50.662,49420.000
47.977,50.516,50.662,49420.000
47.977,50.516,50.662,49420.000
47.977,50.516,50.662,49420.000
47.977,50.516,50.662,49420.000
47.977,50.516,50.662,49420.000
47.977,50.516,50.662,49420.000
47.977,50.516,50.662,53780.000
47.977,50.516,50.662,53780.000
47.977,50.516,50.662,53780.000
47.977,50.516,50.662,53780.000
47.977,50.516,50.662,53780.000
47.977,50.516,50.662,53780.000
47.977,50.516,50.662,53780.000
47.977,50.516,50.662,53780.000
47.977,50.516,50.662,53780.000
47.977,50.516,50.662,53780.000
47.977,50.516,50.662,58590.000
47.977,50.516,50.662,58590.000
47.957,50.516,50.662,58590.000
47.957,50.516,50.662,57410.000
47.957,50.516,50.662,57410.000
47.957,50.516,50.662,57410.000
47.957,50.516,50.662,57410.000
47.957,50.516,50.662,57410.000
47.957,50.516,50.662,57410.000
47.957,50.516,50.662,57410.000
47.957,50.516,50.662,57410.000
47.957,50.516,50.662,57410.000
47.957,50.516,50.662,57410.000
47.957,50.516,50.662,57410.000
47.957,50.516,50.662,57410.000
47.957,50.516,50.662,57410.000
47.957,50.516,50.662,57410.000
47.957,50.516,50.662,57410.000
47.957,50.516,50.662,60700.000
47.957,50.516,50.662,60700.000
47.957,50.516,50.662,60700.000
47.957,50.516,50.662,60700.000
47.957,50.516,50.662,60700.000
47.957,50.516,50.662,60700.000
47.957,50.516,50.662,60700.000
47.957,50.516,50.662,60700.000
47.957,50.516,50.662,60700.000
47.937,50.516,50.662,62110.000
47.937,50.516,50.662,62110.000
47.937,50.516,50.662,62110.000
47.937,50.516,50.662,62110.000
47.937,50.516,50.662,62110.000
47.937,50.516,50.662,65310.000
47.937,50.516,50.662,65310.000
47.937,50.516,50.662,65550.000
47.937,50.516,50.662,65550.000
47.937,50.516,50.662,65550.000
47.937,50.516,50.662,65550.000
47.937,50.516,50.662,65550.000
47.937,50.516,50.662,65550.000
47.937,50.516,50.662,65550.000
47.937,50.516,50.662,65550.000
47.937,50.516,50.662,65550.000
47.937,50.516,50.662,65550.000
47.937,50.516,50.662,64290.000
47.937,50.516,50.662,64290.000
47.937,50.516,50.662,64290.000
47.937,50.516,50.662,64290.000
47.937,50.516,50.662,64290.000
47.937,50.516,50.662,64290.000
47.937,50.516,50.662,64290.000
47.937,50.516,50.662,64290.000
47.937,50.516,50.662,64290.000
47.937,50.516,50.662,64290.000
47.917,50.516,50.662,64290.000
47.917,50.516,50.662,65730.000
47.917,50.516,50.662,65730.000
47.917,50.516,50.662,65730.000
47.917,50.516,50.662,65730.000
47.917,50.516,50.662,65730.000
47.917,50.516,50.662,65730.000
47.917,50.516,50.662,65730.000
47.917,50.516,50.662,65730.000
47.917,50.516,50.662,65730.000
47.917,50.516,50.662,65730.000
47.917,50.516,50.662,65730.000
47.917,50.516,50.662,65730.000
47.917,50.516,50.662,65730.000
47.917,50.516,50.662,65000.000
47.917,50.516,50.662,65000.000
47.917,50.516,50.662,65000.000
47.917,50.516,50.662,65000.000
47.917,50.516,50.662,65000.000
47.917,50.516,50.662,65000.000
47.917,50.516,50.662,65000.000
47.917,50.516,50.662,65000.000
47.917,50.516,50.662,65000.000
47.917,50.516,50.662,65000.000
47.897,50.516,50.662,70050.000
47.897,50.516,50.662,70050.000
47.897,50.516,50.662,70050.000
47.897,50.516,50.662,67450.000
47.897,50.516,50.662,67450.000
47.897,50.516,50.662,67450.000
47.897,50.516,50.662,67450.000
47.897,50.516,50.662,67450.000
47.897,50.516,50.662,67450.000
47.877,50.516,50.662,67450.000
47.877,50.516,50.662,67450.000
47.877,50.516,50.662,67450.000
47.877,50.516,50.662,67450.000
47.877,50.516,50.662,67450.000
47.877,50.516,50.662,67450.000
47.877,50.516,50.662,67450.000
47.877,50.516,50.662,66330.000
47.877,50.516,50.662,66330.000
47.877,50.516,50.662,66330.000
47.877,50.516,50.662,66330.000
47.877,50.516,50.662,66330.000
47.877,50.516,50.662,66330.000
47.877,50.516,50.662,66330.000
47.877,50.516,50.662,66330.000
47.877,50.516,50.662,66330.000
47.877,50.516,50.662,66330.000
47.877,50.516,50.662,64780.000
47.877,50.516,50.662,64780.000
47.857,50.516,50.662,66910.000
47.857,50.516,50.662,66910.000
47.857,50.516,50.662,66910.000
47.857,50.516,50.662,66910.000
47.857,50.516,50.662,66910.000
47.857,50.516,50.662,66910.000
47.857,50.516,50.662,66910.000
47.857,50.516,50.662,66910.000
47.857,50.516,50.662,66910.000
47.857,50.516,50.662,66910.000
47.857,50.516,50.662,66910.000
47.857,50.516,50.662,66910.000
47.857,50.516,50.662,66910.000
47.857,50.516,50.662,66910.000
47.857,50.516,50.662,65360.000
47.857,50.516,50.662,65360.000
47.857,50.516,50.662,65360.000
47.857,50.516,50.662,65360.000
47.857,50.516,50.662,65360.000
47.857,50.516,50.662,65360.000
47.857,50.516,50.662,65360.000
47.857,50.516,50.662,65360.000
47.857,50.516,50.662,65360.000
47.857,50.516,50.662,65360.000
47.857,50.516,50.662,65360.000
47.857,50.516,50.662,64690.000
47.857,50.516,50.662,64690.000
47.857,50.516,50.662,64690.000
47.857,50.516,50.662,64690.000
47.857,50.516,50.662,64690.000
47.857,50.516,50.662,64690.000
47.857,50.516,50.662,64690.000
47.857,50.516,50.662,64690.000
47.857,50.516,50.662,64690.000
47.857,50.516,50.662,68490.000
47.857,50.516,50.662,68490.000
47.857,50.516,50.662,68490.000
47.857,50.516,50.662,68490.000
47.857,50.516,50.662,68490.000
47.857,50.516,50.662,68490.000
47.857,50.516,50.662,68490.000
47.857,50.516,50.662,68490.000
47.857,50.516,50.662,68490.000
47.857,50.516,50.662,68490.000
47.857,50.516,50.662,68490.000
47.857,50.516,50.662,68490.000
47.857,50.516,50.662,68490.000
47.857,50.516,50.662,68490.000
47.857,50.516,50.662,64970.000
47.857,50.516,50.662,64970.000
47.857,50.516,50.662,64970.000
47.857,50.516,50.662,64970.000
47.857,50.516,50.662,64970.000
47.857,50.516,50.662,64970.000
47.857,50.516,50.662,64970.000
47.857,50.516,50.662,64970.000
47.857,50.516,50.662,64970.000
47.857,50.516,50.662,64510.000
47.857,50.516,50.662,64510.000
47.857,50.516,50.662,64510.000
47.857,50.516,50.662,62550.000
47.857,50.516,50.662,62550.000
47.857,50.516,50.662,62550.000
47.857,50.516,50.662,62550.000
47.857,50.516,50.662,62550.000
47.857,50.516,50.662,62550.000
47.857,50.516,50.662,62550.000
47.857,50.516,50.662,62550.000
47.857,50.516,50.662,62550.000
47.857,50.516,50.662,62550.000
47.857,50.516,50.662,62590.000
47.857,50.516,50.662,62590.000
47.857,50.516,50.662,62590.000
47.857,50.516,50.662,62590.000
47.857,50.516,50.662,62590.000
47.857,50.516,50.662,62590.000
47.857,50.516,50.662,62590.000
47.857,50.516,50.662,62590.000
47.857,50.516,50.662,62590.000
47.857,50.516,50.662,62590.000
47.857,50.516,50.662,64390.000
47.857,50.516,50.662,64390.000
47.857,50.516,50.662,64390.000
47.857,50.516,50.662,64390.000
47.857,50.516,50.662,64390.000
47.857,50.516,50.662,64390.000
47.857,50.516,50.662,62690.000
47.857,50.516,50.662,62690.000
47.857,50.516,50.662,62690.000
47.857,50.516,50.662,62690.000
47.857,50.516,50.662,62690.000
47.857,50.516,50.662,62690.000
47.857,50.516,50.662,62690.000
47.857,50.516,50.662,62690.000
47.857,50.516,50.662,62690.000
47.857,50.516,50.662,62690.000
47.857,50.516,50.662,62690.000
47.857,50.516,50.662,62690.000
47.857,50.516,50.662,62690.000
47.857,50.516,50.662,62690.000
47.857,50.516,50.662,65210.000
47.857,50.516,50.662,65210.000
47.857,50.516,50.662,65210.000
47.857,50.516,50.662,65210.000
47.857,50.516,50.662,65210.000
47.857,50.516,50.662,65210.000
47.857,50.516,50.662,65210.000
47.857,50.516,50.662,65210.000
47.857,50.516,50.662,65210.000
47.857,50.516,50.662,65210.000
47.857,50.516,50.662,63370.000
47.857,50.516,50.662,63370.000
47.857,50.516,50.662,63370.000
47.857,50.516,50.662,63370.000
47.857,50.516,50.662,63370.000
47.857,50.516,50.662,63370.000
47.857,50.516,50.662,63370.000
47.857,50.516,50.662,63370.000
47.857,50.516,50.662,63370.000
47.857,50.516,50.662,63380.000
47.857,50.516,50.662,63380.000
47.857,50.516,50.662,63380.000
47.857,50.516,50.662,63380.000
47.857,50.516,50.662,63380.000
47.857,50.516,50.662,63380.000
47.857,50.516,50.662,63380.000
47.857,50.516,50.662,63380.000
47.857,50.516,50.662,63380.000
47.857,50.516,50.662,63380.000
47.857,50.516,50.662,63380.000
47.857,50.516,50.662,66330.000
47.857,50.516,50.662,66330.000
47.857,50.516,50.662,66330.000
47.857,50.516,50.662,66330.000
47.857,50.516,50.662,66330.000
47.857,50.516,50.662,66330.000
47.857,50.516,50.662,66330.000
47.857,50.516,50.662,66330.000
47.857,50.516,50.662,63170.000
47.857,50.516,50.662,63300.000
47.857,50.516,50.662,63300.000
47.857,50.516,50.662,63300.000
47.857,50.516,50.662,63300.000
47.857,50.516,50.662,63300.000
47.857,50.516,50.662,63300.000
47.857,50.516,50.662,63300.000
47.857,50.516,50.662,63300.000
47.857,50.516,50.662,63300.000
47.857,50.516,50.662,63300.000
47.857,50.516,50.662,63300.000
47.857,50.516,50.662,63300.000
47.857,50.516,50.662,64190.000
47.857,50.516,50.662,64190.000
47.857,50.516,50.662,64190.000
47.857,50.516,50.662,64190.000
47.857,50.516,50.662,64190.000
47.857,50.516,50.662,64190.000
47.857,50.516,50.662,64190.000
47.857,50.516,50.662,64190.000
47.857,50.516,50.662,66260.000
47.857,50.516,50.662,66260.000
47.857,50.516,50.662,64900.000
47.857,50.516,50.662,64900.000
47.857,50.516,50.662,64900.000
47.857,50.516,50.662,64900.000
47.857,50.516,50.662,64900.000
47.857,50.516,50.662,64900.000
47.857,50.516,50.662,64900.000
47.857,50.516,50.662,64900.000
47.857,50.516,50.662,64900.000
47.857,50.516,50.662,64900.000
47.857,50.516,50.662,64900.000
47.857,50.516,50.662,64900.000
47.857,50.516,50.662,64900.000
47.857,50.516,50.662,76200.000
47.857,50.516,50.662,76200.000
47.857,50.516,50.662,76200.000
47.857,50.516,50.662,76200.000
47.857,50.516,50.662,76200.000
47.857,50.516,50.662,76200.000
47.857,50.516,50.662,76200.000
47.857,50.516,50.662,76200.000
47.857,50.516,50.662,76200.000
47.857,50.516,50.662,76200.000
47.857,50.516,50.662,76200.000
47.857,50.516,50.662,76200.000
47.857,50.516,50.662,63690.000
47.857,50.516,50.662,63690.000
47.857,50.516,50.662,63690.000
47.857,50.516,50.662,63690.000
47.857,50.516,50.662,63690.000
47.857,50.516,50.662,63690.000
47.857,50.516,50.662,63690.000
47.857,50.516,50.662,63690.000
47.857,50.516,50.662,63690.000
47.857,50.516,50.662,63690.000
47.857,50.516,50.662,63690.000
47.857,50.516,50.662,62770.000
47.857,50.516,50.662,62770.000
47.857,50.516,50.662,62770.000
47.857,50.516,50.662,62770.000
47.857,50.516,50.662,62770.000
47.857,50.516,50.662,62770.000
47.857,50.516,50.662,62770.000
47.857,50.516,50.662,62770.000
47.857,50.516,50.662,62770.000
47.857,50.516,50.662,62770.000
47.857,50.516,50.662,62770.000
47.857,50.516,50.662,62770.000
47.857,50.516,50.662,62770.000
47.857,50.516,50.662,63230.000
47.857,50.516,50.662,63230.000
47.857,50.516,50.662,63230.000
47.857,50.516,50.662,63230.000
47.857,50.516,50.662,63230.000
47.857,50.516,50.662,63230.000
47.857,50.516,50.662,62400.000
47.857,50.516,50.662,62400.000
47.857,50.516,50.662,62400.000
47.857,50.516,50.662,62400.000
47.857,50.516,50.662,62400.000
47.857,50.516,50.662,62400.000
47.857,50.516,50.662,62400.000
47.857,50.516,50.662,62920.000
47.857,50.516,50.662,62920.000
47.857,50.516,50.662,62920.000
47.857,50.516,50.662,62920.000
47.857,50.516,50.662,62920.000
47.857,50.516,50.662,62920.000
47.857,50.516,50.662,62920.000
47.857,50.516,50.662,62920.000
47.857,50.516,50.662,62920.000
47.857,50.516,50.662,62920.000
47.857,50.516,50.662,62920.000
47.857,50.516,50.662,62920.000
47.857,50.516,50.662,62920.000
47.857,50.516,50.662,65220.000
47.857,50.516,50.662,65220.000
47.857,50.516,50.662,65220.000
47.857,50.516,50.662,65220.000
47.857,50.516,50.662,65220.000
47.857,50.516,50.662,65220.000
47.857,50.516,50.662,65220.000
47.857,50.516,50.662,65220.000
47.857,50.516,50.662,61250.000
47.857,50.516,50.662,61250.000
47.857,50.516,50.662,61250.000
47.857,50.516,50.662,63760.000
47.857,50.516,50.662,63760.000
47.857,50.516,50.662,63760.000
47.857,50.516,50.662,63760.000
47.857,50.516,50.662,63760.000
47.857,50.516,50.662,63760.000
47.857,50.516,50.662,63760.000
47.857,50.516,50.662,63760.000
47.857,50.516,50.662,63760.000
47.857,50.516,50.662,63760.000
47.857,50.516,50.662,63540.000
47.857,50.516,50.662,63540.000
47.857,50.516,50.662,63540.000
47.857,50.516,50.662,63540.000
47.857,50.516,50.662,63540.000
